Created at,Package,Price,Commission Value,Invoice,Customer_ID
1/29/2025,Paket 3 Bulan,225000,33750,INV001,C001
1/30/2025,Paket 6 Bulan,335000,50250,INV002,C002
1/30/2025,Paket 3 Bulan,225000,33750,INV003,C003
1/30/2025,Paket 3 Bulan,225000,33750,INV004,C004
1/30/2025,Paket 1 Bulan,175000,26250,INV005,C005
1/31/2025,Paket 3 Bulan,225000,33750,INV006,C006
2/2/2025,Paket 3 Bulan,225000,33750,INV007,C007
2/3/2025,Paket 12 Bulan,450000,67500,INV008,C008
2/4/2025,Paket 12 Bulan,450000,67500,INV009,C009
2/4/2025,Paket 1 Bulan,175000,26250,INV010,C010
2/4/2025,Paket 3 Bulan,225000,33750,INV011,C011
2/4/2025,Paket 1 Bulan,175000,26250,INV012,C012
2/4/2025,Paket 3 Bulan,225000,33750,INV013,C013
2/4/2025,Paket 1 Bulan,175000,26250,INV014,C014
2/5/2025,Paket 3 Bulan,225000,33750,INV015,C015
2/5/2025,Paket 12 Bulan,450000,67500,INV016,C016
2/5/2025,Paket 3 Bulan,225000,33750,INV017,C017
2/5/2025,Paket 1 Bulan,175000,26250,INV018,C018
2/6/2025,Paket 3 Bulan,225000,33750,INV019,C019
2/6/2025,Paket 3 Bulan,225000,33750,INV020,C020
2/6/2025,Paket 1 Bulan,175000,26250,INV021,C021
2/7/2025,Paket 3 Bulan,225000,33750,INV022,C022
2/8/2025,Paket 12 Bulan,450000,67500,INV023,C023
2/9/2025,Paket 6 Bulan,335000,50250,INV024,C024
2/9/2025,Paket 3 Bulan,225000,33750,INV025,C025
2/10/2025,Paket 3 Bulan,225000,33750,INV026,C026
2/10/2025,Paket 3 Bulan,225000,33750,INV027,C027
2/11/2025,Paket 1 Bulan,175000,26250,INV028,C028
2/11/2025,Paket 3 Bulan,225000,33750,INV029,C029
2/11/2025,Paket 3 Bulan,225000,33750,INV030,C030
2/12/2025,Paket 3 Bulan,225000,33750,INV031,C031
2/12/2025,Paket 3 Bulan,225000,33750,INV032,C032
2/13/2025,Paket 3 Bulan,225000,33750,INV033,C033
2/14/2025,Paket 3 Bulan,225000,33750,INV034,C034
2/15/2025,Paket 3 Bulan,225000,33750,INV035,C035
2/17/2025,Paket 3 Bulan,225000,33750,INV036,C036
2/17/2025,Paket 3 Bulan,225000,33750,INV037,C037
2/18/2025,Paket 3 Bulan,225000,33750,INV038,C038
2/19/2025,Paket 3 Bulan,225000,33750,INV039,C039
2/19/2025,Paket 1 Bulan,175000,26250,INV040,C040
2/24/2025,Paket 3 Bulan,225000,33750,INV041,C041
2/25/2025,Paket 1 Bulan,175000,26250,INV042,C042
2/26/2025,Paket 1 Bulan,175000,26250,INV043,C043
2/27/2025,Paket 1 Bulan,175000,26250,INV044,C044
2/27/2025,Paket 12 Bulan,450000,67500,INV045,C045
2/28/2025,Paket 1 Bulan,175000,26250,INV046,C046
2/28/2025,Paket 1 Bulan,175000,26250,INV047,C047
3/2/2025,Paket 1 Bulan,175000,26250,INV048,C048
3/2/2025,Paket 1 Bulan,175000,26250,INV049,C049
3/3/2025,Paket 3 Bulan,225000,33750,INV050,C050
3/3/2025,Paket 1 Bulan,175000,26250,INV051,C051
3/3/2025,Paket 1 Bulan,175000,26250,INV052,C052
3/3/2025,Paket 3 Bulan,225000,33750,INV053,C053
3/4/2025,Paket 1 Bulan,175000,26250,INV054,C054
3/4/2025,Paket 1 Bulan,175000,26250,INV055,C055
3/4/2025,Paket 3 Bulan,225000,33750,INV056,C056
3/4/2025,Paket 3 Bulan,225000,33750,INV057,C057
3/4/2025,Paket 3 Bulan,225000,33750,INV058,C058
3/5/2025,Paket 3 Bulan,225000,33750,INV059,C059
3/5/2025,Paket 3 Bulan,225000,33750,INV060,C060
3/5/2025,Paket 3 Bulan,225000,33750,INV061,C061
3/6/2025,Paket 3 Bulan,225000,33750,INV062,C062
3/7/2025,Paket 1 Bulan,175000,26250,INV063,C063
3/7/2025,Paket 1 Bulan,175000,26250,INV064,C064
3/8/2025,Paket 3 Bulan,225000,33750,INV065,C065
3/8/2025,Paket 1 Bulan,175000,26250,INV066,C066
3/9/2025,Paket 3 Bulan,225000,33750,INV067,C067
3/11/2025,Paket 6 Bulan,335000,50250,INV068,C068
3/12/2025,Paket 1 Bulan,175000,26250,INV069,C069
3/12/2025,Paket 1 Bulan,175000,26250,INV070,C070
3/13/2025,Paket 1 Bulan,175000,26250,INV071,C071
3/13/2025,Paket 12 Bulan,450000,67500,INV072,C072
3/15/2025,Paket 3 Bulan,225000,33750,INV073,C042
3/15/2025,Paket 3 Bulan,225000,33750,INV074,C021
3/17/2025,Paket 1 Bulan,175000,26250,INV075,C073
3/17/2025,Paket 1 Bulan,175000,26250,INV076,C074
3/18/2025,Paket 1 Bulan,175000,26250,INV077,C075
3/18/2025,Paket 3 Bulan,225000,33750,INV078,C076
3/18/2025,Paket 1 Bulan,175000,26250,INV079,C077
3/18/2025,Paket 3 Bulan,225000,33750,INV080,C078
3/18/2025,Paket 1 Bulan,175000,26250,INV081,C079
3/19/2025,Paket 3 Bulan,225000,33750,INV082,C080
3/19/2025,Paket 1 Bulan,175000,26250,INV083,C081
3/19/2025,Paket 3 Bulan,225000,33750,INV084,C082
3/19/2025,Paket 1 Bulan,175000,26250,INV085,C083
3/19/2025,Paket 1 Bulan,175000,26250,INV086,C084
3/19/2025,Paket 1 Bulan,175000,26250,INV087,C085
3/20/2025,Paket 1 Bulan,175000,26250,INV088,C086
3/20/2025,Paket 1 Bulan,175000,26250,INV089,C087
3/20/2025,Paket 1 Bulan,175000,26250,INV090,C088
3/20/2025,Paket 3 Bulan,225000,33750,INV091,C089
3/21/2025,Paket 1 Bulan,175000,26250,INV092,C090
3/21/2025,Paket 1 Bulan,175000,26250,INV093,C091
3/21/2025,Paket 1 Bulan,175000,26250,INV094,C092
3/21/2025,Paket 1 Bulan,175000,26250,INV095,C093
3/21/2025,Paket 1 Bulan,175000,26250,INV096,C094
3/21/2025,Paket 1 Bulan,175000,26250,INV097,C095
3/21/2025,Paket 1 Bulan,175000,26250,INV098,C096
3/22/2025,Paket 6 Bulan,335000,50250,INV099,C097
3/22/2025,Paket 1 Bulan,175000,26250,INV100,C098
3/23/2025,Paket 1 Bulan,175000,26250,INV101,C099
3/23/2025,Paket 1 Bulan,175000,26250,INV102,C100
3/23/2025,Paket 1 Bulan,175000,26250,INV103,C101
3/23/2025,Paket 1 Bulan,175000,26250,INV104,C102
3/24/2025,Paket 1 Bulan,175000,26250,INV105,C103
3/26/2025,Paket 1 Bulan,175000,26250,INV106,C104
3/26/2025,Paket 1 Bulan,175000,26250,INV107,C105
3/27/2025,Paket 1 Bulan,175000,26250,INV108,C106
3/28/2025,Paket 1 Bulan,175000,26250,INV109,C107
3/28/2025,Paket 1 Bulan,175000,26250,INV110,C108
3/28/2025,Paket 1 Bulan,175000,26250,INV111,C109
3/28/2025,Paket 1 Bulan,175000,26250,INV112,C110
3/28/2025,Paket 1 Bulan,175000,26250,INV113,C111
3/28/2025,Paket 1 Bulan,175000,26250,INV114,C112
3/29/2025,Paket 1 Bulan,175000,26250,INV115,C113
3/29/2025,Paket 1 Bulan,175000,26250,INV116,C114
3/29/2025,Paket 3 Bulan,225000,33750,INV117,C115
3/29/2025,Paket 1 Bulan,175000,26250,INV118,C116
3/29/2025,Paket 3 Bulan,225000,33750,INV119,C117
3/29/2025,Paket 1 Bulan,175000,26250,INV120,C118
3/30/2025,Paket 1 Bulan,175000,26250,INV121,C119
3/30/2025,Paket 1 Bulan,175000,26250,INV122,C120
3/30/2025,Paket 3 Bulan,225000,33750,INV123,C121
3/30/2025,Paket 1 Bulan,175000,26250,INV124,C122
3/31/2025,Paket 1 Bulan,175000,26250,INV125,C123
4/1/2025,Paket 12 Bulan,450000,67500,INV126,C124
4/1/2025,Paket 1 Bulan,175000,26250,INV127,C125
4/1/2025,Paket 1 Bulan,175000,26250,INV128,C126
4/2/2025,Paket 1 Bulan,175000,26250,INV129,C127
4/2/2025,Paket 1 Bulan,175000,26250,INV130,C128
4/2/2025,Paket 6 Bulan,335000,50250,INV131,C129
4/2/2025,Paket 1 Bulan,175000,26250,INV132,C130
4/3/2025,Paket 1 Bulan,175000,26250,INV133,C131
4/3/2025,Paket 1 Bulan,175000,26250,INV134,C132
4/3/2025,Paket 1 Bulan,175000,26250,INV135,C133
4/3/2025,Paket 1 Bulan,175000,26250,INV136,C134
4/4/2025,Paket 1 Bulan,175000,26250,INV137,C135
4/4/2025,Paket 1 Bulan,175000,26250,INV138,C136
4/4/2025,Paket 1 Bulan,175000,26250,INV139,C137
4/4/2025,Paket 1 Bulan,175000,26250,INV140,C138
4/4/2025,Paket 1 Bulan,175000,26250,INV141,C139
4/4/2025,Paket 3 Bulan,225000,33750,INV142,C140
4/4/2025,Paket 1 Bulan,175000,26250,INV143,C141
4/5/2025,Paket 3 Bulan,225000,33750,INV144,C142
4/5/2025,Paket 12 Bulan,450000,67500,INV145,C143
4/6/2025,Paket 1 Bulan,175000,26250,INV146,C144
4/6/2025,Paket 1 Bulan,175000,26250,INV147,C145
4/6/2025,Paket 6 Bulan,335000,50250,INV148,C146
4/6/2025,Paket 1 Bulan,175000,26250,INV149,C147
4/6/2025,Paket 1 Bulan,175000,26250,INV150,C148
4/6/2025,Paket 1 Bulan,175000,26250,INV151,C149
4/6/2025,Paket 1 Bulan,175000,26250,INV152,C150
4/7/2025,Paket 3 Bulan,225000,33750,INV153,C151
4/7/2025,Paket 1 Bulan,175000,26250,INV154,C152
4/7/2025,Paket 1 Bulan,175000,26250,INV155,C153
4/8/2025,Paket 1 Bulan,175000,26250,INV156,C154
4/8/2025,Paket 1 Bulan,175000,26250,INV157,C155
4/9/2025,Paket 12 Bulan,450000,67500,INV158,C156
4/11/2025,Paket 1 Bulan,175000,26250,INV159,C157
4/11/2025,Paket 3 Bulan,225000,33750,INV160,C158
4/12/2025,Paket 1 Bulan,175000,26250,INV161,C159
4/13/2025,Paket 12 Bulan,450000,67500,INV162,C160
4/13/2025,Paket 12 Bulan,450000,67500,INV163,C161
4/14/2025,Paket 1 Bulan,175000,26250,INV164,C162
4/17/2025,Paket 1 Bulan,175000,26250,INV165,C163
4/21/2025,Paket 6 Bulan,335000,50250,INV166,C164
4/25/2025,Paket 1 Bulan,175000,26250,INV167,C165
4/29/2025,Paket 3 Bulan,225000,33750,INV168,C166
5/4/2025,Paket 3 Bulan,225000,33750,INV169,C167
5/4/2025,Paket 12 Bulan,450000,67500,INV170,C168
5/5/2025,Paket 12 Bulan,450000,67500,INV171,C169
5/7/2025,Paket 1 Bulan,175000,26250,INV172,C170
5/8/2025,Paket 1 Bulan,175000,26250,INV173,C171
5/14/2025,Paket 1 Bulan,175000,26250,INV174,C172
5/16/2025,Paket 1 Bulan,175000,26250,INV175,C173
5/16/2025,Paket 12 Bulan,450000,67500,INV176,C174
5/16/2025,Paket 3 Bulan,225000,33750,INV177,C175
5/17/2025,Paket 1 Bulan,175000,26250,INV178,C176
5/18/2025,Paket 12 Bulan,450000,67500,INV179,C177
5/19/2025,Paket 3 Bulan,225000,33750,INV180,C178
5/19/2025,Paket 3 Bulan,225000,33750,INV181,C179
5/19/2025,Paket 12 Bulan,450000,67500,INV182,C180
5/20/2025,Paket 3 Bulan,225000,33750,INV183,C181
5/21/2025,Paket 3 Bulan,225000,33750,INV184,C182
5/23/2025,Paket 3 Bulan,225000,33750,INV185,C183
5/24/2025,Paket 1 Bulan,175000,26250,INV186,C184
5/25/2025,Paket 1 Bulan,175000,26250,INV187,C185
5/26/2025,Paket 1 Bulan,175000,26250,INV188,C186
5/27/2025,Paket 12 Bulan,450000,67500,INV189,C187
5/28/2025,Paket 1 Bulan,175000,26250,INV190,C188
5/28/2025,Paket 1 Bulan,175000,26250,INV191,C189
5/29/2025,Paket 12 Bulan,450000,67500,INV192,C190
5/29/2025,Paket 1 Bulan,175000,26250,INV193,C191
5/30/2025,Paket 3 Bulan,225000,33750,INV194,C192
5/30/2025,Paket 12 Bulan,450000,67500,INV195,C193
5/31/2025,Paket 1 Bulan,175000,26250,INV196,C194
5/31/2025,Paket 3 Bulan,225000,33750,INV197,C195
5/31/2025,Paket 3 Bulan,225000,33750,INV198,C196
6/1/2025,Paket 1 Bulan,175000,26250,INV199,C197
6/1/2025,Paket 1 Bulan,175000,26250,INV200,C198
6/1/2025,Paket 1 Bulan,175000,26250,INV201,C199
6/1/2025,Paket 1 Bulan,175000,26250,INV202,C144
6/1/2025,Paket 1 Bulan,175000,26250,INV203,C200
6/1/2025,Paket 1 Bulan,175000,26250,INV204,C201
6/2/2025,Paket 1 Bulan,175000,26250,INV205,C202
6/2/2025,Paket 3 Bulan,225000,33750,INV206,C203
6/2/2025,Paket 1 Bulan,175000,26250,INV207,C204
6/2/2025,Paket 12 Bulan,450000,67500,INV208,C205
6/2/2025,Paket 12 Bulan,450000,67500,INV209,C206
6/3/2025,Paket 1 Bulan,175000,26250,INV210,C207
6/3/2025,Paket 1 Bulan,175000,26250,INV211,C208
6/3/2025,Paket 1 Bulan,175000,26250,INV212,C209
6/4/2025,Paket 12 Bulan,450000,67500,INV213,C210
6/4/2025,Paket 12 Bulan,450000,67500,INV214,C211
6/5/2025,Paket 1 Bulan,175000,26250,INV215,C212
6/5/2025,Paket 1 Bulan,175000,26250,INV216,C213
6/6/2025,Paket 3 Bulan,225000,33750,INV217,C214
6/6/2025,Paket 1 Bulan,175000,26250,INV218,C215
6/6/2025,Paket 1 Bulan,175000,26250,INV219,C216
6/7/2025,Paket 1 Bulan,175000,26250,INV220,C217
6/7/2025,Paket 1 Bulan,175000,26250,INV221,C218
6/7/2025,Paket 12 Bulan,450000,67500,INV222,C219
6/7/2025,Paket 1 Bulan,175000,26250,INV223,C220
6/7/2025,Paket 1 Bulan,175000,26250,INV224,C221
6/7/2025,Paket 1 Bulan,175000,26250,INV225,C222
6/8/2025,Paket 12 Bulan,450000,67500,INV226,C223
6/8/2025,Paket 1 Bulan,175000,26250,INV227,C224
6/8/2025,Paket 1 Bulan,175000,26250,INV228,C225
6/8/2025,Paket 1 Bulan,175000,26250,INV229,C226
6/9/2025,Paket 1 Bulan,175000,26250,INV230,C227
6/9/2025,Paket 6 Bulan,335000,50250,INV231,C228
6/9/2025,Paket 6 Bulan,335000,50250,INV232,C229
6/9/2025,Paket 1 Bulan,175000,26250,INV233,C230
6/9/2025,Paket 12 Bulan,450000,67500,INV234,C231
6/9/2025,Paket 1 Bulan,175000,26250,INV235,C232
6/10/2025,Paket 1 Bulan,175000,26250,INV236,C233
6/10/2025,Paket 1 Bulan,175000,26250,INV237,C234
6/11/2025,Paket 3 Bulan,225000,33750,INV238,C235
6/11/2025,Paket 1 Bulan,175000,26250,INV239,C236
6/11/2025,Paket 1 Bulan,175000,26250,INV240,C237
6/12/2025,Paket 12 Bulan,450000,67500,INV241,C238
6/12/2025,Paket 3 Bulan,225000,33750,INV242,C239
6/13/2025,Paket 1 Bulan,175000,26250,INV243,C240
6/13/2025,Paket 3 Bulan,225000,33750,INV244,C241
6/14/2025,Paket 12 Bulan,450000,67500,INV245,C242
6/14/2025,Paket 1 Bulan,175000,26250,INV246,C243
6/14/2025,Paket 12 Bulan,450000,67500,INV247,C244
6/15/2025,Paket 6 Bulan,335000,50250,INV248,C245
6/17/2025,Paket 1 Bulan,175000,26250,INV249,C246
6/17/2025,Paket 6 Bulan,335000,50250,INV250,C247
6/17/2025,Paket 3 Bulan,225000,33750,INV251,C248
6/18/2025,Paket 1 Bulan,175000,26250,INV252,C249
6/19/2025,Paket 12 Bulan,450000,67500,INV253,C250
6/19/2025,Paket 12 Bulan,450000,67500,INV254,C251
6/19/2025,Paket 3 Bulan,225000,33750,INV255,C252
6/20/2025,Paket 12 Bulan,450000,67500,INV256,C253
6/21/2025,Paket 12 Bulan,450000,67500,INV257,C254
6/21/2025,Paket 1 Bulan,175000,26250,INV258,C255
6/21/2025,Paket 3 Bulan,225000,33750,INV259,C256
6/21/2025,Paket 1 Bulan,175000,26250,INV260,C257
6/21/2025,Paket 3 Bulan,225000,33750,INV261,C258
6/21/2025,Paket 1 Bulan,175000,26250,INV262,C259
6/21/2025,Paket 1 Bulan,175000,26250,INV263,C260
6/22/2025,Paket 12 Bulan,450000,67500,INV264,C261
6/22/2025,Paket 12 Bulan,450000,67500,INV265,C262
6/23/2025,Paket 1 Bulan,175000,26250,INV266,C263
6/23/2025,Paket 1 Bulan,175000,26250,INV267,C264
6/24/2025,Paket 1 Bulan,175000,26250,INV268,C265
6/24/2025,Paket 1 Bulan,175000,26250,INV269,C266
6/26/2025,Paket 12 Bulan,450000,67500,INV270,C267
6/27/2025,Paket 1 Bulan,175000,26250,INV271,C268
6/30/2025,Paket 12 Bulan,450000,67500,INV272,C269
7/1/2025,Paket 1 Bulan,175000,26250,INV273,C270
7/1/2025,Paket 12 Bulan,450000,67500,INV274,C271
7/2/2025,Paket 12 Bulan,450000,67500,INV275,C272
7/3/2025,Paket 3 Bulan,225000,33750,INV276,C273
7/3/2025,Paket 12 Bulan,450000,67500,INV277,C274
7/4/2025,Paket 12 Bulan,450000,67500,INV278,C275
7/4/2025,Paket 12 Bulan,450000,67500,INV279,C276
7/5/2025,Paket 12 Bulan,450000,67500,INV280,C277
7/6/2025,Paket 1 Bulan,175000,26250,INV281,C278
7/6/2025,Paket 9 Bulan,425000,63750,INV282,C279
7/8/2025,Paket 12 Bulan,450000,67500,INV283,C280
7/10/2025,Paket 1 Bulan,175000,26250,INV284,C227
7/10/2025,Paket 1 Bulan,175000,26250,INV285,C281
7/10/2025,Paket 1 Bulan,175000,26250,INV286,C282
7/12/2025,Paket 3 Bulan,225000,33750,INV287,C283
7/13/2025,Paket 3 Bulan,225000,33750,INV288,C284
7/13/2025,Paket 12 Bulan,450000,67500,INV289,C285
7/13/2025,Paket 9 Bulan,425000,63750,INV290,C286
7/13/2025,Paket 12 Bulan,450000,67500,INV291,C287
7/14/2025,Paket 12 Bulan,450000,67500,INV292,C288
7/14/2025,Paket 1 Bulan,175000,26250,INV293,C289
7/14/2025,Paket 6 Bulan,335000,50250,INV294,C290
7/14/2025,Paket 1 Bulan,175000,26250,INV295,C291
7/14/2025,Paket 1 Bulan,175000,26250,INV296,C292
7/15/2025,Paket 12 Bulan,450000,67500,INV297,C293
7/15/2025,Paket 12 Bulan,450000,67500,INV298,C294
7/15/2025,Paket 12 Bulan,450000,67500,INV299,C295
7/15/2025,Paket 12 Bulan,450000,67500,INV300,C296
7/16/2025,Paket 12 Bulan,450000,67500,INV301,C297
7/16/2025,Paket 12 Bulan,450000,67500,INV302,C298
7/16/2025,Paket 9 Bulan,425000,63750,INV303,C299
7/16/2025,Paket 12 Bulan,450000,67500,INV304,C300
7/17/2025,Paket 12 Bulan,450000,67500,INV305,C301
7/17/2025,Paket 12 Bulan,450000,67500,INV306,C302
7/19/2025,Paket 3 Bulan,225000,33750,INV307,C303
7/19/2025,Paket 12 Bulan,450000,67500,INV308,C304
7/19/2025,Paket 6 Bulan,335000,50250,INV309,C305
7/20/2025,Paket 1 Bulan,175000,26250,INV310,C306
7/20/2025,Paket 6 Bulan,335000,50250,INV311,C307
7/21/2025,Paket 1 Bulan,175000,26250,INV312,C308
7/21/2025,Paket 3 Bulan,225000,33750,INV313,C309
7/21/2025,Paket 12 Bulan,450000,67500,INV314,C310
7/21/2025,Paket 12 Bulan,450000,67500,INV315,C311
7/21/2025,Paket 12 Bulan,450000,67500,INV316,C312
7/22/2025,Paket 12 Bulan,450000,67500,INV317,C313
7/22/2025,Paket 6 Bulan,335000,50250,INV318,C314
7/23/2025,Paket 3 Bulan,225000,33750,INV319,C315
7/23/2025,Paket 12 Bulan,450000,67500,INV320,C316
7/23/2025,Paket 12 Bulan,450000,67500,INV321,C222
7/23/2025,Paket 12 Bulan,450000,67500,INV322,C317
7/23/2025,Paket 12 Bulan,450000,67500,INV323,C318
7/23/2025,Paket 12 Bulan,450000,67500,INV324,C319
7/24/2025,Paket 1 Bulan,175000,26250,INV325,C320
7/24/2025,Paket 12 Bulan,450000,67500,INV326,C321
7/25/2025,Paket 3 Bulan,225000,33750,INV327,C322
7/25/2025,Paket 12 Bulan,450000,67500,INV328,C323
7/25/2025,Paket 12 Bulan,450000,67500,INV329,C324
7/25/2025,Paket 6 Bulan,335000,50250,INV330,C325
7/25/2025,Paket 3 Bulan,225000,33750,INV331,C031
7/26/2025,Paket 12 Bulan,450000,67500,INV332,C326
7/26/2025,Paket 3 Bulan,225000,33750,INV333,C327
7/26/2025,Paket 6 Bulan,335000,50250,INV334,C328
7/26/2025,Paket 6 Bulan,335000,50250,INV335,C329
7/27/2025,Paket 3 Bulan,225000,33750,INV336,C330
7/27/2025,Paket 12 Bulan,450000,67500,INV337,C331
7/27/2025,Paket 12 Bulan,450000,67500,INV338,C332
7/28/2025,Paket 1 Bulan,175000,26250,INV339,C333
7/28/2025,Paket 1 Bulan,175000,26250,INV340,C334
7/28/2025,Paket 12 Bulan,450000,67500,INV341,C335
7/28/2025,Paket 12 Bulan,450000,67500,INV342,C336
7/28/2025,Paket 9 Bulan,425000,63750,INV343,C337
7/29/2025,Paket 9 Bulan,425000,63750,INV344,C338
7/29/2025,Paket 12 Bulan,450000,67500,INV345,C339
7/30/2025,Paket 12 Bulan,450000,67500,INV346,C340
7/31/2025,Paket 9 Bulan,425000,63750,INV347,C341
7/31/2025,Paket 12 Bulan,450000,67500,INV348,C342
7/31/2025,Paket 12 Bulan,450000,67500,INV349,C343
7/31/2025,Paket 12 Bulan,450000,67500,INV350,C344
8/1/2025,Paket 12 Bulan,450000,67500,INV351,C345
8/1/2025,Paket 1 Bulan,175000,26250,INV352,C346
8/2/2025,Paket 3 Bulan,225000,33750,INV353,C347
8/2/2025,Paket 12 Bulan,450000,67500,INV354,C348
8/2/2025,Paket 12 Bulan,450000,67500,INV355,C349
8/2/2025,Paket 9 Bulan,425000,63750,INV356,C350
8/2/2025,Paket 12 Bulan,450000,67500,INV357,C351
8/3/2025,Paket 3 Bulan,225000,33750,INV358,C352
8/3/2025,Paket 9 Bulan,425000,63750,INV359,C353
8/3/2025,Paket 3 Bulan,225000,33750,INV360,C354
8/3/2025,Paket 12 Bulan,450000,67500,INV361,C355
8/3/2025,Paket 12 Bulan,450000,67500,INV362,C356
8/3/2025,Paket 12 Bulan,450000,67500,INV363,C357
8/3/2025,Paket 9 Bulan,425000,63750,INV364,C358
8/3/2025,Paket 12 Bulan,450000,67500,INV365,C359
8/4/2025,Paket 6 Bulan,335000,50250,INV366,C360
8/4/2025,Paket 3 Bulan,225000,33750,INV367,C361
8/4/2025,Paket 12 Bulan,450000,67500,INV368,C362
8/4/2025,Paket 9 Bulan,425000,63750,INV369,C363
8/4/2025,Paket 9 Bulan,425000,63750,INV370,C364
8/4/2025,Paket 3 Bulan,225000,33750,INV371,C365
8/5/2025,Paket 6 Bulan,335000,50250,INV372,C366
8/5/2025,Paket 9 Bulan,425000,63750,INV373,C367
8/5/2025,Paket 3 Bulan,225000,33750,INV374,C368
8/5/2025,Paket 12 Bulan,450000,67500,INV375,C369
8/5/2025,Paket 9 Bulan,425000,63750,INV376,C370
8/6/2025,Paket 3 Bulan,225000,33750,INV377,C371
8/6/2025,Paket 6 Bulan,335000,50250,INV378,C372
8/7/2025,Paket 12 Bulan,450000,67500,INV379,C373
8/7/2025,Paket 3 Bulan,225000,33750,INV380,C374
8/7/2025,Paket 12 Bulan,450000,67500,INV381,C375
8/7/2025,Paket 6 Bulan,335000,50250,INV382,C376
8/7/2025,Paket 12 Bulan,450000,67500,INV383,C377
8/7/2025,Paket 3 Bulan,225000,33750,INV384,C378
8/7/2025,Paket 1 Bulan,175000,26250,INV385,C379
8/8/2025,Paket 12 Bulan,450000,67500,INV386,C380
8/8/2025,Paket 6 Bulan,335000,50250,INV387,C381
8/8/2025,Paket 12 Bulan,450000,67500,INV388,C382
8/8/2025,Paket 12 Bulan,450000,67500,INV389,C383
8/8/2025,Paket 3 Bulan,225000,33750,INV390,C384
8/9/2025,Paket 1 Bulan,175000,26250,INV391,C385
8/9/2025,Paket 9 Bulan,425000,63750,INV392,C386
8/9/2025,Paket 9 Bulan,425000,63750,INV393,C387
8/9/2025,Paket 3 Bulan,225000,33750,INV394,C388
8/10/2025,Paket 1 Bulan,175000,26250,INV395,C270
8/10/2025,Paket 9 Bulan,425000,63750,INV396,C389
8/10/2025,Paket 12 Bulan,450000,67500,INV397,C390
8/10/2025,Paket 9 Bulan,425000,63750,INV398,C391
8/10/2025,Paket 6 Bulan,335000,50250,INV399,C392
8/10/2025,Paket 3 Bulan,225000,33750,INV400,C393
8/10/2025,Paket 9 Bulan,425000,63750,INV401,C394
8/11/2025,Paket 1 Bulan,175000,26250,INV402,C395
8/11/2025,Paket 3 Bulan,225000,33750,INV403,C396
8/11/2025,Paket 12 Bulan,450000,67500,INV404,C397
8/12/2025,Paket 9 Bulan,425000,63750,INV405,C398
8/12/2025,Paket 3 Bulan,225000,33750,INV406,C399
8/13/2025,Paket 12 Bulan,450000,67500,INV407,C400
8/13/2025,Paket 6 Bulan,335000,50250,INV408,C078
8/13/2025,Paket 6 Bulan,335000,50250,INV409,C401
8/13/2025,Paket 1 Bulan,175000,26250,INV410,C402
8/14/2025,Paket 12 Bulan,450000,67500,INV411,C403
8/14/2025,Paket 9 Bulan,425000,63750,INV412,C404
8/15/2025,Paket 6 Bulan,335000,50250,INV413,C405
8/15/2025,Paket 9 Bulan,425000,63750,INV414,C406
8/15/2025,Paket 6 Bulan,335000,50250,INV415,C407
8/16/2025,Paket 1 Bulan,175000,26250,INV416,C408
8/16/2025,Paket 9 Bulan,425000,63750,INV417,C409
8/17/2025,Paket 12 Bulan,450000,67500,INV418,C410
8/17/2025,Paket 6 Bulan,335000,50250,INV419,C411
8/17/2025,Paket 12 Bulan,450000,67500,INV420,C412
8/18/2025,Paket 6 Bulan,335000,50250,INV421,C413
8/18/2025,Paket 3 Bulan,225000,33750,INV422,C414
8/19/2025,Paket 9 Bulan,425000,63750,INV423,C415
8/19/2025,Paket 3 Bulan,225000,33750,INV424,C416
8/19/2025,Paket 3 Bulan,225000,33750,INV425,C417
8/20/2025,Paket 3 Bulan,225000,33750,INV426,C418
8/21/2025,Paket 3 Bulan,225000,33750,INV427,C419
8/21/2025,Paket 9 Bulan,425000,63750,INV428,C420
8/22/2025,Paket 3 Bulan,225000,33750,INV429,C421
8/22/2025,Paket 3 Bulan,225000,33750,INV430,C422
8/22/2025,Paket 6 Bulan,335000,50250,INV431,C423
8/23/2025,Paket 3 Bulan,225000,33750,INV432,C424
8/24/2025,Paket 1 Bulan,175000,26250,INV433,C425
8/24/2025,Paket 9 Bulan,425000,63750,INV434,C426
8/25/2025,Paket 3 Bulan,225000,33750,INV435,C427
8/25/2025,Paket 3 Bulan,225000,33750,INV436,C428
8/26/2025,Paket 12 Bulan,450000,67500,INV437,C429
8/26/2025,Paket 6 Bulan,335000,50250,INV438,C430
8/26/2025,Paket 12 Bulan,450000,67500,INV439,C431
8/26/2025,Paket 9 Bulan,425000,63750,INV440,C432
8/26/2025,Paket 3 Bulan,225000,33750,INV441,C433
8/26/2025,Paket 9 Bulan,425000,63750,INV442,C434
8/27/2025,Paket 1 Bulan,175000,26250,INV443,C435
8/27/2025,Paket 12 Bulan,450000,67500,INV444,C436
8/27/2025,Paket 9 Bulan,425000,63750,INV445,C437
8/28/2025,Paket 12 Bulan,450000,67500,INV446,C438
8/30/2025,Paket 9 Bulan,425000,63750,INV447,C439
8/30/2025,Paket 12 Bulan,450000,67500,INV448,C440
8/30/2025,Paket 12 Bulan,450000,67500,INV449,C441
8/30/2025,Paket 9 Bulan,425000,63750,INV450,C442
8/31/2025,Paket 3 Bulan,225000,33750,INV451,C443
8/31/2025,Paket 9 Bulan,425000,63750,INV452,C444
8/31/2025,Paket 3 Bulan,225000,33750,INV453,C445
8/31/2025,Paket 3 Bulan,225000,33750,INV454,C446
8/31/2025,Paket 9 Bulan,425000,63750,INV455,C447
8/31/2025,Paket 6 Bulan,335000,50250,INV456,C448
8/31/2025,Paket 6 Bulan,335000,50250,INV457,C449
9/1/2025,Paket 9 Bulan,425000,63750,INV458,C450
9/1/2025,Paket 3 Bulan,225000,33750,INV459,C451
9/1/2025,Paket 3 Bulan,225000,33750,INV460,C452
9/2/2025,Paket 12 Bulan,450000,67500,INV461,C453
9/2/2025,Paket 6 Bulan,335000,50250,INV462,C454
9/3/2025,Paket 9 Bulan,425000,63750,INV463,C455
9/3/2025,Paket 3 Bulan,225000,33750,INV464,C456
9/3/2025,Paket 6 Bulan,335000,50250,INV465,C457
9/4/2025,Paket 1 Bulan,175000,26250,INV466,C458
9/5/2025,Paket 12 Bulan,450000,67500,INV467,C459
9/6/2025,Paket 12 Bulan,450000,67500,INV468,C460
9/7/2025,Paket 3 Bulan,225000,33750,INV469,C461
9/9/2025,Paket 12 Bulan,450000,67500,INV470,C462
9/9/2025,Paket 9 Bulan,425000,63750,INV471,C463
9/10/2025,Paket 1 Bulan,175000,26250,INV472,C464
9/13/2025,Paket 1 Bulan,175000,26250,INV473,C465
9/13/2025,Paket 6 Bulan,335000,50250,INV474,C466
9/14/2025,Paket 6 Bulan,335000,50250,INV475,C467
9/15/2025,Paket 3 Bulan,225000,33750,INV476,C468
9/15/2025,Paket 12 Bulan,450000,67500,INV477,C469
9/17/2025,Paket 3 Bulan,225000,33750,INV478,C470
9/19/2025,Paket 1 Bulan,175000,26250,INV479,C471
9/20/2025,Paket 6 Bulan,335000,50250,INV480,C472
9/21/2025,Paket 6 Bulan,335000,50250,INV481,C473
9/22/2025,Paket 12 Bulan,450000,67500,INV482,C474
9/23/2025,Paket 3 Bulan,225000,33750,INV483,C475
9/23/2025,Paket 12 Bulan,450000,67500,INV484,C476
9/24/2025,Paket 6 Bulan,335000,50250,INV485,C477
9/27/2025,Paket 3 Bulan,225000,33750,INV486,C478
9/29/2025,Paket 1 Bulan,175000,26250,INV487,C435
9/29/2025,Paket 1 Bulan,175000,26250,INV488,C479
9/30/2025,Paket 6 Bulan,335000,50250,INV489,C480
10/3/2025,Paket 1 Bulan,175000,26250,INV490,C481
10/3/2025,Paket 12 Bulan,450000,67500,INV491,C482
10/3/2025,Paket 6 Bulan,335000,50250,INV492,C483
10/3/2025,Paket 1 Bulan,175000,26250,INV493,C484
10/3/2025,Paket 6 Bulan,335000,50250,INV494,C485
10/4/2025,Paket 9 Bulan,425000,63750,INV495,C486
10/4/2025,Paket 6 Bulan,335000,50250,INV496,C487
10/5/2025,Paket 1 Bulan,175000,26250,INV497,C488
10/6/2025,Paket 1 Bulan,175000,26250,INV498,C489
10/6/2025,Paket 3 Bulan,225000,33750,INV499,C490
10/7/2025,Paket 3 Bulan,225000,33750,INV500,C491
10/7/2025,Paket 6 Bulan,335000,50250,INV501,C492
10/8/2025,Paket 12 Bulan,450000,67500,INV502,C493
10/9/2025,Paket 6 Bulan,335000,50250,INV503,C494
10/10/2025,Paket 6 Bulan,335000,50250,INV504,C495
10/11/2025,Paket 1 Bulan,175000,26250,INV505,C496
10/11/2025,Paket 6 Bulan,335000,50250,INV506,C497
10/12/2025,Paket 6 Bulan,335000,50250,INV507,C498
10/12/2025,Paket 1 Bulan,175000,26250,INV508,C499
10/13/2025,Paket 1 Bulan,175000,26250,INV509,C500
10/14/2025,Paket 1 Bulan,175000,26250,INV510,C501
10/15/2025,Paket 9 Bulan,425000,63750,INV511,C502
10/15/2025,Paket 6 Bulan,335000,50250,INV512,C503
10/16/2025,Paket 6 Bulan,335000,50250,INV513,C504
10/16/2025,Paket 3 Bulan,225000,33750,INV514,C505
10/17/2025,Paket 6 Bulan,335000,50250,INV515,C506
10/17/2025,Paket 6 Bulan,335000,50250,INV516,C507
10/17/2025,Paket 6 Bulan,335000,50250,INV517,C508
10/17/2025,Paket 6 Bulan,335000,50250,INV518,C509
10/18/2025,Paket 1 Bulan,175000,26250,INV519,C510
10/19/2025,Paket 3 Bulan,225000,33750,INV520,C511
10/19/2025,Paket 3 Bulan,225000,33750,INV521,C512
10/20/2025,Paket 6 Bulan,335000,50250,INV522,C513
10/20/2025,Paket 6 Bulan,335000,50250,INV523,C514
10/21/2025,Paket 3 Bulan,225000,33750,INV524,C515
10/21/2025,Paket 12 Bulan,450000,67500,INV525,C516
10/21/2025,Paket 6 Bulan,335000,50250,INV526,C517
10/22/2025,Paket 3 Bulan,225000,33750,INV527,C518
10/25/2025,Paket 1 Bulan,175000,26250,INV528,C519
10/25/2025,Paket 3 Bulan,225000,33750,INV529,C520
10/28/2025,Paket 1 Bulan,175000,26250,INV530,C521
10/31/2025,Paket 3 Bulan,225000,33750,INV531,C522
11/1/2025,Paket 3 Bulan,225000,33750,INV532,C523
11/2/2025,Paket 6 Bulan,335000,50250,INV533,C524
11/3/2025,Paket 1 Bulan,175000,26250,INV534,C525
11/3/2025,Paket 3 Bulan,225000,33750,INV535,C526
11/3/2025,Paket 12 Bulan,450000,67500,INV536,C527
11/3/2025,Paket 6 Bulan,335000,50250,INV537,C528
11/3/2025,Paket 6 Bulan,335000,50250,INV538,C529
11/4/2025,Paket 6 Bulan,335000,50250,INV539,C530
11/4/2025,Paket 1 Bulan,175000,26250,INV540,C531
11/8/2025,Paket 6 Bulan,335000,50250,INV541,C532
11/12/2025,Paket 6 Bulan,335000,50250,INV542,C533
11/12/2025,Paket 3 Bulan,225000,33750,INV543,C534
11/12/2025,Paket 6 Bulan,335000,50250,INV544,C535
11/13/2025,Paket 6 Bulan,335000,50250,INV545,C536
11/16/2025,Paket 6 Bulan,335000,50250,INV546,C537
11/18/2025,Paket 1 Bulan,175000,26250,INV547,C538
11/20/2025,Paket 6 Bulan,335000,50250,INV548,C539
11/21/2025,Paket 6 Bulan,335000,50250,INV549,C540
11/22/2025,Paket 6 Bulan,335000,50250,INV550,C541
11/22/2025,Paket 1 Bulan,175000,26250,INV551,C542
11/22/2025,Paket 3 Bulan,225000,33750,INV552,C543
11/23/2025,Paket 6 Bulan,335000,50250,INV553,C544
11/26/2025,Paket 6 Bulan,335000,50250,INV554,C545
11/26/2025,Paket 6 Bulan,335000,50250,INV555,C546
11/29/2025,Paket 12 Bulan,450000,67500,INV556,C547
12/1/2025,Paket 6 Bulan,335000,50250,INV557,C548
12/2/2025,Paket 3 Bulan,225000,33750,INV558,C549
12/2/2025,Paket 6 Bulan,335000,50250,INV559,C550
12/2/2025,Paket 1 Bulan,175000,26250,INV560,C551
12/3/2025,Paket 3 Bulan,225000,33750,INV561,C552
12/4/2025,Paket 6 Bulan,335000,50250,INV562,C553
12/5/2025,Paket 3 Bulan,225000,33750,INV563,C554
12/5/2025,Paket 3 Bulan,225000,33750,INV564,C555
12/5/2025,Paket 6 Bulan,335000,50250,INV565,C525
12/6/2025,Paket 3 Bulan,225000,33750,INV566,C556
12/7/2025,Paket 3 Bulan,225000,33750,INV567,C557
12/8/2025,Paket 3 Bulan,225000,33750,INV568,C558
12/9/2025,Paket 6 Bulan,335000,50250,INV569,C559
12/10/2025,Paket 3 Bulan,225000,33750,INV570,C560
12/10/2025,Paket 3 Bulan,225000,33750,INV571,C561
12/11/2025,Paket 1 Bulan,175000,26250,INV572,C562
12/12/2025,Paket 6 Bulan,335000,50250,INV573,C563
12/12/2025,Paket 6 Bulan,335000,50250,INV574,C564
12/12/2025,Paket 1 Bulan,175000,26250,INV575,C565
12/12/2025,Paket 6 Bulan,335000,50250,INV576,C566
12/13/2025,Paket 6 Bulan,335000,50250,INV577,C567
12/13/2025,Paket 3 Bulan,225000,33750,INV578,C568
12/14/2025,Paket 3 Bulan,225000,33750,INV579,C569
12/15/2025,Paket 3 Bulan,225000,33750,INV580,C570
12/18/2025,Paket 6 Bulan,335000,50250,INV581,C571
12/19/2025,Paket 3 Bulan,225000,33750,INV582,C572
12/19/2025,Paket 3 Bulan,225000,33750,INV583,C573
12/21/2025,Paket 3 Bulan,225000,33750,INV584,C574
12/21/2025,Paket 6 Bulan,335000,50250,INV585,C575
12/23/2025,Paket 3 Bulan,225000,33750,INV586,C576
12/23/2025,Paket 1 Bulan,175000,26250,INV587,C577
12/23/2025,Paket 3 Bulan,225000,33750,INV588,C531
12/23/2025,Paket 3 Bulan,225000,33750,INV589,C578
12/24/2025,Paket 3 Bulan,225000,33750,INV590,C579
12/26/2025,Paket 3 Bulan,225000,33750,INV591,C580
12/27/2025,Paket 1 Bulan,175000,26250,INV592,C581
12/27/2025,Paket 6 Bulan,335000,50250,INV593,C582
12/29/2025,Paket 3 Bulan,225000,33750,INV594,C583
12/29/2025,Paket 6 Bulan,335000,50250,INV595,C584
12/30/2025,Paket 1 Bulan,175000,26250,INV596,C585
1/1/2026,Paket 1 Bulan,175000,26250,INV597,C586
1/1/2026,Paket 3 Bulan,225000,33750,INV598,C587
1/2/2026,Paket 3 Bulan,225000,33750,INV599,C588
1/2/2026,Paket 3 Bulan,225000,33750,INV600,C589
1/2/2026,Paket 3 Bulan,225000,33750,INV601,C590
1/2/2026,Paket 3 Bulan,225000,33750,INV602,C591
1/2/2026,Paket 3 Bulan,225000,33750,INV603,C592
1/3/2026,Paket 3 Bulan,225000,33750,INV604,C593
1/4/2026,Paket 3 Bulan,225000,33750,INV605,C594
1/4/2026,Paket 3 Bulan,225000,33750,INV606,C595
1/4/2026,Paket 12 Bulan,450000,67500,INV607,C596
1/5/2026,Paket 3 Bulan,225000,33750,INV608,C597
1/5/2026,Paket 3 Bulan,225000,33750,INV609,C598
1/5/2026,Paket 6 Bulan,335000,50250,INV610,C599
1/6/2026,Paket 3 Bulan,225000,33750,INV611,C600
1/6/2026,Paket 3 Bulan,225000,33750,INV612,C601
1/6/2026,Paket 3 Bulan,225000,33750,INV613,C602
1/6/2026,Paket 3 Bulan,225000,33750,INV614,C603
1/7/2026,Paket 6 Bulan,335000,50250,INV615,C604
1/7/2026,Paket 3 Bulan,225000,33750,INV616,C605
1/7/2026,Paket 3 Bulan,225000,33750,INV617,C606
1/8/2026,Paket 3 Bulan,225000,33750,INV618,C607
1/8/2026,Paket 6 Bulan,335000,50250,INV619,C608
1/8/2026,Paket 3 Bulan,225000,33750,INV620,C609
1/9/2026,Paket 3 Bulan,225000,33750,INV621,C610
1/9/2026,Paket 3 Bulan,225000,33750,INV622,C611
1/10/2026,Paket 3 Bulan,225000,33750,INV623,C612
1/11/2026,Paket 3 Bulan,225000,33750,INV624,C613
1/11/2026,Paket 12 Bulan,450000,67500,INV625,C614
1/11/2026,Paket 3 Bulan,225000,33750,INV626,C615
1/11/2026,Paket 3 Bulan,225000,33750,INV627,C616
1/12/2026,Paket 3 Bulan,225000,33750,INV628,C617
1/12/2026,Paket 3 Bulan,225000,33750,INV629,C618
1/12/2026,Paket 3 Bulan,225000,33750,INV630,C619
1/14/2026,Paket 3 Bulan,225000,33750,INV631,C620
1/15/2026,Paket 1 Bulan,175000,26250,INV632,C621
1/15/2026,Paket 3 Bulan,225000,33750,INV633,C622
1/15/2026,Paket 3 Bulan,225000,33750,INV634,C623
1/20/2026,Paket 3 Bulan,225000,33750,INV635,C624
1/20/2026,Paket 3 Bulan,225000,33750,INV636,C511
1/20/2026,Paket 1 Bulan,175000,26250,INV637,C625
1/21/2026,Paket 3 Bulan,225000,33750,INV638,C626
1/21/2026,Paket 1 Bulan,175000,26250,INV639,C627
1/22/2026,Paket 3 Bulan,225000,33750,INV640,C628
1/22/2026,Paket 3 Bulan,225000,33750,INV641,C629
1/23/2026,Paket 3 Bulan,225000,33750,INV642,C630
1/25/2026,Paket 6 Bulan,335000,50250,INV643,C631
1/25/2026,Paket 1 Bulan,175000,26250,INV644,C632
1/25/2026,Paket 3 Bulan,225000,33750,INV645,C633
1/25/2026,Paket 3 Bulan,225000,33750,INV646,C634
1/26/2026,Paket 1 Bulan,175000,26250,INV647,C043
1/26/2026,Paket 3 Bulan,225000,33750,INV648,C512
1/26/2026,Paket 3 Bulan,225000,33750,INV649,C635
1/26/2026,Paket 6 Bulan,335000,50250,INV650,C636
1/26/2026,Paket 3 Bulan,225000,33750,INV651,C637
1/26/2026,Paket 3 Bulan,225000,33750,INV652,C638
1/26/2026,Paket 12 Bulan,450000,67500,INV653,C639
1/28/2026,Paket 6 Bulan,335000,50250,INV654,C640
1/28/2026,Paket 3 Bulan,225000,33750,INV655,C641
1/28/2026,Paket 3 Bulan,225000,33750,INV656,C642
1/28/2026,Paket 3 Bulan,225000,33750,INV657,C643
1/29/2026,Paket 3 Bulan,225000,33750,INV658,C644
1/29/2026,Paket 3 Bulan,225000,33750,INV659,C645
1/29/2026,Paket 3 Bulan,225000,33750,INV660,C646
2/1/2026,Paket 3 Bulan,225000,33750,INV661,C647
2/2/2026,Paket 3 Bulan,225000,33750,INV662,C648
2/4/2026,Paket 3 Bulan,225000,33750,INV663,C649
2/6/2026,Paket 1 Bulan,175000,26250,INV664,C650
2/6/2026,Paket 1 Bulan,175000,26250,INV665,C651
2/7/2026,Paket 3 Bulan,225000,33750,INV666,C652
2/7/2026,Paket 3 Bulan,225000,33750,INV667,C653
2/8/2026,Paket 12 Bulan,450000,67500,INV668,C654
2/8/2026,Paket 3 Bulan,225000,33750,INV669,C655
2/9/2026,Paket 1 Bulan,175000,26250,INV670,C522
2/9/2026,Paket 3 Bulan,225000,33750,INV671,C656
2/10/2026,Paket 1 Bulan,175000,26250,INV672,C657
2/10/2026,Paket 1 Bulan,175000,26250,INV673,C658
2/11/2026,Paket 3 Bulan,225000,33750,INV674,C659
2/11/2026,Paket 12 Bulan,450000,67500,INV675,C660
2/12/2026,Paket 3 Bulan,225000,33750,INV676,C661
2/12/2026,Paket 1 Bulan,175000,26250,INV677,C374
2/12/2026,Paket 1 Bulan,175000,26250,INV678,C662
2/14/2026,Paket 3 Bulan,225000,33750,INV679,C663
2/15/2026,Paket 3 Bulan,225000,33750,INV680,C664
2/18/2026,Paket 3 Bulan,225000,33750,INV681,C665
2/22/2026,Paket 6 Bulan,335000,50250,INV682,C196
3/2/2026,Paket 1 Bulan,175000,26250,INV683,C666
3/10/2026,Paket 3 Bulan,225000,33750,INV684,C667
3/12/2026,Paket 1 Bulan,175000,26250,INV685,C270
3/12/2026,Paket 1 Bulan,175000,26250,INV686,C668
3/15/2026,Paket 1 Bulan,175000,26250,INV687,C669
3/24/2026,Paket 1 Bulan,175000,26250,INV688,C670
3/26/2026,Paket 1 Bulan,175000,26250,INV689,C671
4/2/2026,Paket 1 Bulan,175000,26250,INV690,C672
4/2/2026,Paket 3 Bulan,225000,33750,INV691,C673
4/7/2026,Paket 12 Bulan,450000,67500,INV692,C674
4/8/2026,Paket 1 Bulan,175000,26250,INV693,C675
4/10/2026,Paket 1 Bulan,175000,26250,INV694,C676
4/28/2026,Paket 1 Bulan,175000,26250,INV695,C677
4/29/2026,Paket 3 Bulan,225000,33750,INV696,C678
5/22/2026,Paket 3 Bulan,225000,33750,INV697,C679
6/2/2026,Paket 1 Bulan,175000,26250,INV698,C680
6/4/2026,Paket 12 Bulan,450000,67500,INV699,C681
6/5/2026,Paket 6 Bulan,335000,50250,INV700,C682
6/5/2026,Paket 1 Bulan,175000,26250,INV701,C683
6/6/2026,Paket 6 Bulan,335000,50250,INV702,C684
6/6/2026,Paket 1 Bulan,175000,26250,INV703,C685
6/8/2026,Paket 12 Bulan,450000,67500,INV704,C686
6/8/2026,Paket 12 Bulan,450000,67500,INV705,C444
6/9/2026,Paket 1 Bulan,175000,26250,INV706,C471
6/9/2026,Paket 12 Bulan,450000,67500,INV707,C687
6/10/2026,Paket 1 Bulan,175000,26250,INV708,C688
6/13/2026,Paket 3 Bulan,225000,33750,INV709,C689
6/17/2026,Paket 12 Bulan,450000,67500,INV710,C690
6/18/2026,Paket 3 Bulan,225000,33750,INV711,C691
6/18/2026,Paket 3 Bulan,225000,33750,INV712,C692
6/19/2026,Paket 6 Bulan,335000,50250,INV713,C693
